"# Prélèvements du banc — 1000 Genomes Project, séquençage 30x haute couverture NYGC, aligné GRCh38"
Prélèvement,Source,Population,Statut,Vérité GeT-RM,Vérité HLA Sanger
HG00111,1000G 30x (NYGC),GBR,analysé,oui,oui
HG00118,1000G 30x (NYGC),GBR,analysé,oui,oui
HG00122,1000G 30x (NYGC),GBR,analysé,oui,oui
HG00129,1000G 30x (NYGC),GBR,analysé,oui,oui
HG00133,1000G 30x (NYGC),GBR,analysé,oui,oui
HG00139,1000G 30x (NYGC),GBR,analysé,oui,oui
HG00185,1000G 30x (NYGC),FIN,analysé,oui,oui
HG00276,1000G 30x (NYGC),FIN,analysé,oui,oui
HG00277,1000G 30x (NYGC),FIN,analysé,oui,oui
HG00304,1000G 30x (NYGC),FIN,analysé,oui,non
HG00315,1000G 30x (NYGC),FIN,analysé,oui,oui
HG00325,1000G 30x (NYGC),FIN,analysé,oui,oui
HG00332,1000G 30x (NYGC),FIN,analysé,oui,oui
HG00334,1000G 30x (NYGC),FIN,analysé,oui,oui
HG00337,1000G 30x (NYGC),FIN,analysé,oui,oui
HG00368,1000G 30x (NYGC),FIN,analysé,oui,oui
HG00373,1000G 30x (NYGC),FIN,analysé,oui,oui
HG00406,1000G 30x (NYGC),CHS,analysé,non,oui
HG00421,1000G 30x (NYGC),CHS,analysé,oui,oui
HG00423,1000G 30x (NYGC),CHS,analysé,oui,non
HG00436,1000G 30x (NYGC),CHS,analysé,oui,oui
HG00437,1000G 30x (NYGC),CHS,analysé,oui,oui
HG00452,1000G 30x (NYGC),CHS,analysé,oui,oui
HG00458,1000G 30x (NYGC),CHS,analysé,non,oui
HG00463,1000G 30x (NYGC),CHS,analysé,oui,oui
HG00476,1000G 30x (NYGC),CHS,analysé,non,oui
HG00478,1000G 30x (NYGC),CHS,analysé,non,oui
HG00524,1000G 30x (NYGC),CHS,analysé,oui,oui
HG00525,1000G 30x (NYGC),CHS,analysé,oui,oui
HG00536,1000G 30x (NYGC),CHS,analysé,non,oui
HG00537,1000G 30x (NYGC),CHS,analysé,oui,oui
HG00538,1000G 30x (NYGC),CHS,analysé,oui,non
HG00557,1000G 30x (NYGC),CHS,analysé,non,oui
HG00560,1000G 30x (NYGC),CHS,analysé,non,oui
HG00584,1000G 30x (NYGC),CHS,analysé,non,oui
HG00589,1000G 30x (NYGC),CHS,analysé,oui,oui
HG00595,1000G 30x (NYGC),CHS,analysé,non,oui
HG00599,1000G 30x (NYGC),CHS,analysé,oui,non
HG00613,1000G 30x (NYGC),CHS,analysé,oui,oui
HG00619,1000G 30x (NYGC),CHS,analysé,non,oui
HG00620,1000G 30x (NYGC),CHS,analysé,non,oui
HG00625,1000G 30x (NYGC),CHS,analysé,non,oui
HG00635,1000G 30x (NYGC),CHS,analysé,non,oui
HG00657,1000G 30x (NYGC),CHS,analysé,non,oui
HG00671,1000G 30x (NYGC),CHS,analysé,non,oui
HG00683,1000G 30x (NYGC),CHS,analysé,non,oui
HG00693,1000G 30x (NYGC),CHS,analysé,non,oui
HG00701,1000G 30x (NYGC),CHS,analysé,non,oui
HG00704,1000G 30x (NYGC),CHS,analysé,oui,oui
HG00734,1000G 30x (NYGC),PUR,analysé,oui,oui
HG01083,1000G 30x (NYGC),PUR,analysé,oui,oui
HG01086,1000G 30x (NYGC),PUR,analysé,oui,oui
HG01094,1000G 30x (NYGC),PUR,analysé,oui,oui
HG01108,1000G 30x (NYGC),PUR,analysé,oui,oui
HG01190,1000G 30x (NYGC),PUR,analysé,oui,oui
HG01253,1000G 30x (NYGC),CLM,analysé,oui,oui
HG01269,1000G 30x (NYGC),CLM,analysé,oui,non
HG01275,1000G 30x (NYGC),CLM,analysé,oui,oui
HG01350,1000G 30x (NYGC),CLM,analysé,oui,oui
HG01359,1000G 30x (NYGC),CLM,analysé,oui,oui
HG01374,1000G 30x (NYGC),CLM,analysé,oui,oui
HG01456,1000G 30x (NYGC),CLM,analysé,oui,oui
HG01474,1000G 30x (NYGC),CLM,analysé,oui,non
HG01631,1000G 30x (NYGC),IBS,analysé,oui,non
HG01680,1000G 30x (NYGC),IBS,analysé,oui,non
HG01697,1000G 30x (NYGC),IBS,analysé,oui,non
HG01809,1000G 30x (NYGC),CDX,analysé,oui,non
HG01816,1000G 30x (NYGC),CDX,analysé,oui,non
HG01865,1000G 30x (NYGC),KHV,analysé,oui,non
HG02029,1000G 30x (NYGC),KHV,analysé,oui,non
HG02054,1000G 30x (NYGC),ACB,analysé,oui,non
HG02087,1000G 30x (NYGC),KHV,analysé,oui,non
HG02134,1000G 30x (NYGC),KHV,analysé,oui,non
HG02146,1000G 30x (NYGC),PEL,analysé,oui,non
HG02373,1000G 30x (NYGC),CDX,analysé,oui,non
HG02496,1000G 30x (NYGC),ACB,analysé,oui,non
HG02645,1000G 30x (NYGC),GWD,analysé,oui,non
HG02772,1000G 30x (NYGC),GWD,analysé,oui,non
HG02852,1000G 30x (NYGC),GWD,analysé,oui,non
HG02861,1000G 30x (NYGC),GWD,analysé,oui,non
HG02952,1000G 30x (NYGC),ESN,analysé,oui,non
HG03115,1000G 30x (NYGC),ESN,analysé,oui,non
HG03159,1000G 30x (NYGC),ESN,analysé,oui,non
HG03370,1000G 30x (NYGC),ESN,analysé,oui,non
NA06991,1000G 30x (NYGC),CEU,analysé,oui,oui
NA06993,1000G 30x (NYGC),CEU,analysé,oui,oui
NA07000,1000G 30x (NYGC),CEU,analysé,oui,oui
NA07019,1000G 30x (NYGC),CEU,analysé,oui,oui
NA07029,1000G 30x (NYGC),CEU,analysé,oui,oui
NA07048,1000G 30x (NYGC),CEU,analysé,oui,oui
NA07055,1000G 30x (NYGC),CEU,analysé,oui,oui
NA07056,1000G 30x (NYGC),CEU,analysé,oui,oui
NA07348,1000G 30x (NYGC),CEU,analysé,oui,oui
NA07357,1000G 30x (NYGC),CEU,analysé,oui,oui
NA10831,1000G 30x (NYGC),CEU,analysé,oui,oui
NA10838,1000G 30x (NYGC),CEU,analysé,oui,oui
NA10846,1000G 30x (NYGC),CEU,analysé,oui,oui
NA10847,1000G 30x (NYGC),CEU,analysé,oui,oui
NA10851,1000G 30x (NYGC),CEU,analysé,oui,oui
NA10854,1000G 30x (NYGC),CEU,analysé,oui,oui
NA10855,1000G 30x (NYGC),CEU,analysé,oui,oui
NA10856,1000G 30x (NYGC),CEU,analysé,oui,oui
NA10859,1000G 30x (NYGC),CEU,analysé,oui,oui
NA10860,1000G 30x (NYGC),CEU,analysé,oui,oui
NA10865,1000G 30x (NYGC),CEU,analysé,oui,oui
NA11832,1000G 30x (NYGC),CEU,analysé,oui,oui
NA11839,1000G 30x (NYGC),CEU,analysé,oui,oui
NA11881,1000G 30x (NYGC),CEU,analysé,oui,oui
NA11993,1000G 30x (NYGC),CEU,analysé,oui,oui
NA12003,1000G 30x (NYGC),CEU,analysé,oui,oui
NA12006,1000G 30x (NYGC),CEU,analysé,oui,oui
NA12145,1000G 30x (NYGC),CEU,analysé,oui,oui
NA12154,1000G 30x (NYGC),CEU,analysé,oui,oui
NA12156,1000G 30x (NYGC),CEU,analysé,oui,oui
NA12236,1000G 30x (NYGC),CEU,analysé,oui,oui
NA12248,1000G 30x (NYGC),CEU,analysé,oui,oui
NA12273,1000G 30x (NYGC),CEU,analysé,oui,oui
NA12336,1000G 30x (NYGC),CEU,analysé,oui,non
NA12717,1000G 30x (NYGC),CEU,analysé,oui,non
NA12813,1000G 30x (NYGC),CEU,refusé : assemblage : chr12 absent de l alignement ; c,oui,non
NA12873,1000G 30x (NYGC),CEU,analysé,oui,non
NA12878,1000G 30x (NYGC),CEU,analysé,oui,non
NA18484,1000G 30x (NYGC),YRI,analysé,oui,non
NA18518,1000G 30x (NYGC),YRI,analysé,oui,non
NA18519,1000G 30x (NYGC),YRI,analysé,oui,non
NA18526,1000G 30x (NYGC),CHB,analysé,oui,oui
NA18544,1000G 30x (NYGC),CHB,analysé,oui,oui
NA18545,1000G 30x (NYGC),CHB,analysé,oui,oui
NA18547,1000G 30x (NYGC),CHB,analysé,non,oui
NA18552,1000G 30x (NYGC),CHB,analysé,oui,oui
NA18559,1000G 30x (NYGC),CHB,analysé,non,oui
NA18563,1000G 30x (NYGC),CHB,analysé,oui,oui
NA18564,1000G 30x (NYGC),CHB,analysé,oui,oui
NA18565,1000G 30x (NYGC),CHB,analysé,oui,non
NA18571,1000G 30x (NYGC),CHB,analysé,non,oui
NA18572,1000G 30x (NYGC),CHB,analysé,oui,oui
NA18603,1000G 30x (NYGC),CHB,analysé,oui,oui
NA18616,1000G 30x (NYGC),CHB,analysé,non,oui
NA18617,1000G 30x (NYGC),CHB,analysé,oui,oui
NA18630,1000G 30x (NYGC),CHB,analysé,non,oui
NA18632,1000G 30x (NYGC),CHB,analysé,oui,oui
NA18639,1000G 30x (NYGC),CHB,analysé,non,oui
NA18642,1000G 30x (NYGC),CHB,analysé,oui,oui
NA18855,1000G 30x (NYGC),YRI,analysé,oui,oui
NA18861,1000G 30x (NYGC),YRI,analysé,oui,oui
NA18868,1000G 30x (NYGC),YRI,analysé,oui,non
NA18873,1000G 30x (NYGC),YRI,analysé,oui,non
NA18877,1000G 30x (NYGC),YRI,analysé,oui,non
NA18941,1000G 30x (NYGC),JPT,analysé,oui,oui
NA18942,1000G 30x (NYGC),JPT,analysé,oui,oui
NA18945,1000G 30x (NYGC),JPT,analysé,oui,oui
NA18952,1000G 30x (NYGC),JPT,analysé,oui,oui
NA18956,1000G 30x (NYGC),JPT,analysé,oui,oui
NA18959,1000G 30x (NYGC),JPT,analysé,oui,oui
NA18966,1000G 30x (NYGC),JPT,analysé,oui,oui
NA18973,1000G 30x (NYGC),JPT,analysé,oui,oui
NA18978,1000G 30x (NYGC),JPT,analysé,oui,oui
NA18980,1000G 30x (NYGC),JPT,analysé,oui,oui
NA18992,1000G 30x (NYGC),JPT,refusé : samtools quickcheck : alignement tronque,oui,oui
NA19003,1000G 30x (NYGC),JPT,analysé,oui,oui
NA19007,1000G 30x (NYGC),JPT,analysé,oui,oui
NA19075,1000G 30x (NYGC),JPT,analysé,oui,oui
NA19078,1000G 30x (NYGC),JPT,analysé,non,oui
NA19079,1000G 30x (NYGC),JPT,analysé,oui,oui
NA19082,1000G 30x (NYGC),JPT,analysé,non,oui
NA19095,1000G 30x (NYGC),YRI,analysé,oui,non
NA19109,1000G 30x (NYGC),YRI,analysé,oui,non
NA19122,1000G 30x (NYGC),YRI,analysé,oui,non
NA19143,1000G 30x (NYGC),YRI,analysé,oui,oui
NA19147,1000G 30x (NYGC),YRI,analysé,oui,non
NA19174,1000G 30x (NYGC),YRI,analysé,oui,non
NA19176,1000G 30x (NYGC),YRI,analysé,oui,non
NA19207,1000G 30x (NYGC),YRI,analysé,oui,oui
NA19213,1000G 30x (NYGC),YRI,analysé,oui,non
NA19226,1000G 30x (NYGC),YRI,analysé,oui,non
NA19239,1000G 30x (NYGC),YRI,analysé,oui,oui
NA19327,1000G 30x (NYGC),LWK,analysé,oui,oui
NA19395,1000G 30x (NYGC),LWK,analysé,oui,non
NA19466,1000G 30x (NYGC),LWK,analysé,oui,oui
NA19700,1000G 30x (NYGC),ASW,analysé,oui,oui
NA19785,1000G 30x (NYGC),MXL,analysé,oui,oui
NA19789,1000G 30x (NYGC),MXL,analysé,oui,oui
NA19819,1000G 30x (NYGC),ASW,analysé,oui,oui
NA19908,1000G 30x (NYGC),ASW,analysé,oui,oui
NA19917,1000G 30x (NYGC),ASW,analysé,oui,oui
NA19920,1000G 30x (NYGC),ASW,analysé,oui,oui
NA20296,1000G 30x (NYGC),ASW,analysé,oui,oui
NA20509,1000G 30x (NYGC),TSI,refusé : samtools quickcheck : alignement tronque,oui,oui
